a198,Ava,Miller,20
a081,William,Jones,26
a170,William,Jones,27
a417,Olivia,Smith,23
a137,Joseph,Williams,32
a207,Sophia,Garcia,37
a020,Benjamin,Johnson,23
a203,Olivia,Smith,24
a251,Benjamin,Johnson,21
a124,Logan,Rodriguez,24
a410,Logan,Rodriguez,25
a295,Logan,Rodriguez,35
a115,Sophia,Garcia,33
a162,Ava,Miller,32
a288,Logan,Rodriguez,23
a363,Ava,Miller,27
a255,Emma,Brown,27
a277,Emma,Brown,21
a437,Benjamin,Johnson,32
a348,William,Jones,22
a222,Olivia,Smith,25
a206,Benjamin,Johnson,25
a396,Ava,Miller,22
a192,Joseph,Williams,23
a186,Olivia,Smith,36
a318,Olivia,Smith,36
a073,Benjamin,Johnson,27
a378,Isabella,Martinez,32
a059,William,Jones,34
a273,Benjamin,Johnson,31
a291,William,Jones,37
a077,Isabella,Martinez,34
a069,James,Davis,23
a118,Ava,Miller,24
a374,Olivia,Smith,29
a085,William,Jones,23
a449,Logan,Rodriguez,23
a027,Isabella,Martinez,40
a066,Emma,Brown,38
a341,Ava,Miller,21
a051,William,Jones,34
a068,Ava,Miller,32
a127,Sophia,Garcia,32
a217,Benjamin,Johnson,29
a151,Joseph,Williams,26
a293,Logan,Rodriguez,26
a352,Benjamin,Johnson,29
a173,Logan,Rodriguez,40
a267,James,Davis,38
a160,Sophia,Garcia,24
a444,Logan,Rodriguez,24
a031,Logan,Rodriguez,27
a144,Benjamin,Johnson,24
a289,Olivia,Smith,24
a035,Joseph,Williams,36
a258,Joseph,Williams,37
a393,Emma,Brown,28
a355,Olivia,Smith,39
a104,James,Davis,29
a155,James,Davis,22
a249,Emma,Brown,37
a438,Joseph,Williams,32
a130,Benjamin,Johnson,32
a119,Logan,Rodriguez,29
a126,Ava,Miller,25
a424,William,Jones,33
a180,Sophia,Garcia,22
a062,Ava,Miller,30
a415,Joseph,Williams,26
a379,Ava,Miller,20
a377,Benjamin,Johnson,26
a108,James,Davis,29
a188,Sophia,Garcia,28
a278,William,Jones,26
a142,Olivia,Smith,40
a264,Logan,Rodriguez,24
a053,Ava,Miller,35
a416,William,Jones,20
a276,Isabella,Martinez,30
a321,Isabella,Martinez,37
a446,James,Davis,32
a210,Benjamin,Johnson,33
a382,Joseph,Williams,24
a105,Olivia,Smith,34
a262,Benjamin,Johnson,31
a439,Ava,Miller,32
a080,Logan,Rodriguez,28
a297,Ava,Miller,25
a304,Sophia,Garcia,32
a268,Emma,Brown,29
a324,Olivia,Smith,39
a394,James,Davis,36
a093,Joseph,Williams,37
a134,Logan,Rodriguez,25
a294,Emma,Brown,29
a388,Sophia,Garcia,23
a107,Ava,Miller,25
a171,James,Davis,28
a236,Olivia,Smith,32
a215,Olivia,Smith,28
a120,Joseph,Williams,38
a021,Emma,Brown,21
a187,James,Davis,26
a096,Joseph,Williams,26
a285,Benjamin,Johnson,25
a290,William,Jones,31
a311,Sophia,Garcia,33
a223,Olivia,Smith,24
a125,Emma,Brown,25
a016,Logan,Rodriguez,34
a395,Emma,Brown,34
a075,Emma,Brown,36
a145,Joseph,Williams,26
a399,Logan,Rodriguez,28
a100,Emma,Brown,25
a190,William,Jones,35
a135,Logan,Rodriguez,32
a279,Joseph,Williams,39
a241,Olivia,Smith,33
a302,Olivia,Smith,39
a078,Benjamin,Johnson,33
a150,Sophia,Garcia,35
a197,Emma,Brown,32
a046,Emma,Brown,38
a010,Olivia,Smith,27
a205,Logan,Rodriguez,20
a067,James,Davis,25
a094,Emma,Brown,25
a166,Isabella,Martinez,28
a429,Benjamin,Johnson,33
a191,Ava,Miller,26
a208,Isabella,Martinez,28
a317,James,Davis,26
a161,Emma,Brown,34
a356,Olivia,Smith,36
a420,Ava,Miller,29
a244,Benjamin,Johnson,33
a204,Sophia,Garcia,33
a332,Olivia,Smith,35
a310,Isabella,Martinez,27
a406,Ava,Miller,33
a351,Isabella,Martinez,26
a230,Olivia,Smith,25
a165,Joseph,Williams,36
a017,Isabella,Martinez,34
a240,William,Jones,31
a421,Ava,Miller,28
a201,Joseph,Williams,33
a385,Sophia,Garcia,33
a200,Logan,Rodriguez,37
a003,Sophia,Garcia,28
a060,Joseph,Williams,23
a024,Logan,Rodriguez,30
a054,Logan,Rodriguez,35
a131,Olivia,Smith,33
a076,William,Jones,35
a212,William,Jones,35
a265,Isabella,Martinez,38
a368,Benjamin,Johnson,31
a384,Logan,Rodriguez,26
a272,Sophia,Garcia,23
a172,Logan,Rodriguez,31
a147,Ava,Miller,28
a398,Ava,Miller,36
a243,Logan,Rodriguez,24
a071,William,Jones,20
a167,Benjamin,Johnson,34
a242,Ava,Miller,36
a359,Olivia,Smith,39
a112,Olivia,Smith,30
a219,Joseph,Williams,21
a232,Logan,Rodriguez,34
a327,Sophia,Garcia,28
a237,Emma,Brown,33
a128,William,Jones,32
a065,Benjamin,Johnson,31
a140,Emma,Brown,35
a280,Olivia,Smith,39
a362,Sophia,Garcia,35
a226,William,Jones,37
a376,William,Jones,40
a136,Logan,Rodriguez,25
a400,Sophia,Garcia,33
a005,Ava,Miller,20
a367,Ava,Miller,20
a026,Sophia,Garcia,26
a218,William,Jones,30
a315,Olivia,Smith,33
a181,Benjamin,Johnson,35
a349,William,Jones,26
a084,Logan,Rodriguez,29
a266,Logan,Rodriguez,25
a346,Sophia,Garcia,39
a372,Emma,Brown,26
a101,Benjamin,Johnson,26
a057,Isabella,Martinez,35
a009,Joseph,Williams,28
a250,Logan,Rodriguez,38
a409,Sophia,Garcia,24
a034,James,Davis,33
a270,Olivia,Smith,31
a347,Emma,Brown,35
a015,Joseph,Williams,33
a440,William,Jones,31
a168,Ava,Miller,33
a095,Isabella,Martinez,34
a414,Isabella,Martinez,26
a423,Ava,Miller,28
a448,Joseph,Williams,25
a141,Benjamin,Johnson,24
a055,Isabella,Martinez,35
a432,Emma,Brown,27
a011,Olivia,Smith,38
a314,Emma,Brown,35
a390,Sophia,Garcia,25
a322,Sophia,Garcia,28
a328,Sophia,Garcia,31
a271,Sophia,Garcia,23
a183,Emma,Brown,39
a033,Isabella,Martinez,34
a445,Benjamin,Johnson,38
a307,Emma,Brown,25
a366,William,Jones,29
a013,Isabella,Martinez,37
a309,Ava,Miller,37
a343,Olivia,Smith,30
a233,James,Davis,21
a163,Olivia,Smith,32
a358,Olivia,Smith,20
a036,William,Jones,22
a281,Benjamin,Johnson,38
a380,Sophia,Garcia,40
a431,Joseph,Williams,39
a419,Isabella,Martinez,39
a028,William,Jones,27
a284,Logan,Rodriguez,37
a436,Ava,Miller,22
a298,Ava,Miller,22
a133,Isabella,Martinez,29
a274,Joseph,Williams,39
a441,Joseph,Williams,30
a004,Joseph,Williams,27
a001,Ava,Miller,23
a401,James,Davis,23
a259,Benjamin,Johnson,40
a247,Sophia,Garcia,31
a129,Logan,Rodriguez,24
a099,Logan,Rodriguez,20
a426,Joseph,Williams,29
a087,Olivia,Smith,25
a450,Benjamin,Johnson,22
a070,Isabella,Martinez,22
a156,Logan,Rodriguez,37
a404,James,Davis,27
a254,Benjamin,Johnson,30
a357,Joseph,Williams,35
a143,Joseph,Williams,30
a041,James,Davis,21
a371,James,Davis,23
a325,Olivia,Smith,24
a220,James,Davis,27
a224,Joseph,Williams,38
a106,Ava,Miller,27
a323,Isabella,Martinez,29
a042,James,Davis,21
a407,Ava,Miller,35
a365,Sophia,Garcia,23
a002,Benjamin,Johnson,24
a008,Emma,Brown,24
a012,James,Davis,39
a109,Olivia,Smith,28
a434,James,Davis,39
a082,Olivia,Smith,20
a231,Sophia,Garcia,26
a038,William,Jones,39
a148,Logan,Rodriguez,21
a373,Sophia,Garcia,37
a256,Ava,Miller,28
a320,William,Jones,28
a154,Logan,Rodriguez,32
a061,Olivia,Smith,30
a331,Emma,Brown,29
a296,Emma,Brown,33
a196,Joseph,Williams,23
a221,James,Davis,21
a334,Olivia,Smith,32
a214,Olivia,Smith,34
a370,Emma,Brown,35
a202,Emma,Brown,26
a413,Ava,Miller,38
a056,William,Jones,36
a389,Benjamin,Johnson,22
a216,Isabella,Martinez,35
a089,Isabella,Martinez,26
a350,William,Jones,32
a381,Olivia,Smith,36
a269,Emma,Brown,22
a443,Isabella,Martinez,38
a360,James,Davis,30
a132,Joseph,Williams,23
a047,Ava,Miller,22
a239,Benjamin,Johnson,27
a079,Benjamin,Johnson,38
a039,Sophia,Garcia,31
a072,Logan,Rodriguez,21
a238,Sophia,Garcia,36
a354,Joseph,Williams,27
a292,Sophia,Garcia,23
a361,Ava,Miller,31
a442,Ava,Miller,27
a195,Joseph,Williams,32
a433,Sophia,Garcia,34
a139,Joseph,Williams,26
a014,James,Davis,21
a030,Logan,Rodriguez,36
a253,William,Jones,30
a182,Olivia,Smith,31
a391,James,Davis,20
a312,William,Jones,25
a392,Emma,Brown,33
a111,Joseph,Williams,39
a227,Logan,Rodriguez,38
a097,Isabella,Martinez,35
a103,Logan,Rodriguez,20
a408,Logan,Rodriguez,24
a234,Benjamin,Johnson,24
a050,Logan,Rodriguez,38
a427,Isabella,Martinez,36
a177,Isabella,Martinez,31
a336,Sophia,Garcia,29
a386,Emma,Brown,25
a428,James,Davis,31
a090,Isabella,Martinez,26
a229,Logan,Rodriguez,35
a149,Logan,Rodriguez,22
a383,Emma,Brown,20
a178,Benjamin,Johnson,27
a040,James,Davis,35
a123,Joseph,Williams,22
a235,Olivia,Smith,27
a019,Benjamin,Johnson,22
a211,Emma,Brown,32
a283,Sophia,Garcia,37
a245,Sophia,Garcia,40
a306,James,Davis,31
a403,Joseph,Williams,37
a303,Logan,Rodriguez,34
a044,Benjamin,Johnson,35
a282,Isabella,Martinez,28
a422,James,Davis,31
a342,Isabella,Martinez,23
a228,Joseph,Williams,26
a045,Isabella,Martinez,40
a412,Ava,Miller,40
a007,Logan,Rodriguez,37
a083,Sophia,Garcia,36
a430,Logan,Rodriguez,23
a316,Joseph,Williams,25
a252,Emma,Brown,35
a116,Joseph,Williams,35
a194,Olivia,Smith,30
a213,Ava,Miller,21
a435,Sophia,Garcia,21
a261,Isabella,Martinez,26
a117,Sophia,Garcia,22
a176,Joseph,Williams,35
a418,Logan,Rodriguez,37
a189,Isabella,Martinez,33
a032,Benjamin,Johnson,31
a022,Joseph,Williams,37
a330,Joseph,Williams,29
a209,James,Davis,38
a114,Joseph,Williams,27
a023,Benjamin,Johnson,21
a275,Joseph,Williams,31
a049,William,Jones,27
a074,Joseph,Williams,25
a353,Emma,Brown,25
a425,Emma,Brown,24
a122,Ava,Miller,24
a184,Ava,Miller,28
a287,Logan,Rodriguez,25
a313,James,Davis,27
a152,Logan,Rodriguez,32
a064,Joseph,Williams,26
a048,Sophia,Garcia,34
a299,Sophia,Garcia,38
a158,Sophia,Garcia,37
a329,Emma,Brown,27
a199,Emma,Brown,23
a387,Emma,Brown,30
a337,Joseph,Williams,38
a110,Benjamin,Johnson,32
a025,Emma,Brown,28
a018,Logan,Rodriguez,39
a335,Logan,Rodriguez,34
a098,Joseph,Williams,29
a326,Isabella,Martinez,26
a185,Logan,Rodriguez,29
a397,Logan,Rodriguez,35
a319,James,Davis,24
a092,Emma,Brown,22
a175,Isabella,Martinez,38
a402,Logan,Rodriguez,20
a153,Sophia,Garcia,32
a113,William,Jones,30
a405,Benjamin,Johnson,21
a369,William,Jones,33
a174,Logan,Rodriguez,30
a375,Benjamin,Johnson,37
a157,Benjamin,Johnson,30
a447,Ava,Miller,33
a300,Ava,Miller,29
a063,Sophia,Garcia,36
a263,James,Davis,35
a102,Ava,Miller,20
a006,James,Davis,36
a146,James,Davis,31
a246,Emma,Brown,31
a257,Emma,Brown,38
a088,Sophia,Garcia,29
a340,Sophia,Garcia,31
a248,James,Davis,29
a043,Benjamin,Johnson,22
a333,Benjamin,Johnson,29
a052,Sophia,Garcia,26
a029,Benjamin,Johnson,26
a305,Emma,Brown,31
a159,Emma,Brown,31
a308,Logan,Rodriguez,22
a364,Sophia,Garcia,24
a301,Ava,Miller,25
a286,Joseph,Williams,26
a411,Emma,Brown,31
a121,Sophia,Garcia,33
a058,William,Jones,25
a138,James,Davis,27
a338,Logan,Rodriguez,40
a260,Sophia,Garcia,31
a179,Emma,Brown,33
a091,Sophia,Garcia,25
a164,Olivia,Smith,23
a339,Logan,Rodriguez,20
a345,Emma,Brown,26
a037,Benjamin,Johnson,27
a193,James,Davis,39
a344,Sophia,Garcia,35
a086,James,Davis,30
a169,Olivia,Smith,27
a225,Olivia,Smith,28